DSP_SRLim,1,0,0.0
DSP_SRLim,1,1,0.0
DSP_SRLim,1,2,0.0
DSP_SRLim,1,3,0.0
DSP_LPF,2,0,0.0
DSP_LPF,2,1,0.0
DSP_LPF,2,2,0.0
DSP_LPF,2,3,0.0
DSP_PI,3,0,2.9177717605378466,486.2952934229744,0.95,-0.95
DSP_PI,3,1,4.154871236181705,488.8083807272594,0.95,-0.95
DSP_PI,3,2,2.4766843782144985,412.7807297024164,0.95,-0.95
DSP_PI,3,3,0.0,0.0,0.0,0.0
DSP_PI,3,4,0.0,0.0,0.0,0.0
DSP_PI,3,5,0.0,0.0,0.0,0.0
DSP_IIR_2P2Z,4,0,0.0,0.0,0.0,0.0,0.0,0.0,0.0,0.0
DSP_IIR_2P2Z,4,1,0.0,0.0,0.0,0.0,0.0,0.0,0.0,0.0
DSP_IIR_2P2Z,4,2,0.0,0.0,0.0,0.0,0.0,0.0,0.0,0.0
DSP_IIR_2P2Z,4,3,0.0,0.0,0.0,0.0,0.0,0.0,0.0,0.0
DSP_IIR_2P2Z,4,4,0.0,0.0,0.0,0.0,0.0,0.0,0.0,0.0
DSP_IIR_2P2Z,4,5,0.0,0.0,0.0,0.0,0.0,0.0,0.0,0.0
DSP_IIR_2P2Z,4,6,0.0,0.0,0.0,0.0,0.0,0.0,0.0,0.0
DSP_IIR_2P2Z,4,7,0.0,0.0,0.0,0.0,0.0,0.0,0.0,0.0
DSP_IIR_3P3Z,5,0,0.0,0.0,0.0,0.0,0.0,0.0,0.0,0.0,0.0,0.0,0.0,0.0,0.0,0.0,0.0,0.0
DSP_IIR_3P3Z,5,1,0.0,0.0,0.0,0.0,0.0,0.0,0.0,0.0,0.0,0.0,0.0,0.0,0.0,0.0,0.0,0.0
DSP_IIR_3P3Z,5,2,0.0,0.0,0.0,0.0,0.0,0.0,0.0,0.0,0.0,0.0,0.0,0.0,0.0,0.0,0.0,0.0
DSP_IIR_3P3Z,5,3,0.0,0.0,0.0,0.0,0.0,0.0,0.0,0.0,0.0,0.0,0.0,0.0,0.0,0.0,0.0,0.0
DSP_VdcLink_FeedForward,6,0,0.0,0.0
DSP_VdcLink_FeedForward,6,1,0.0,0.0
