DSP_SRLim,1,0,0.0
DSP_SRLim,1,1,0.0
DSP_SRLim,1,2,0.0
DSP_SRLim,1,3,0.0
DSP_LPF,2,0,0.0
DSP_LPF,2,1,0.0
DSP_LPF,2,2,0.0
DSP_LPF,2,3,0.0
DSP_PI,3,0,3.214447498321533,459.2068027704954,0.95,-0.95
DSP_PI,3,1,4.254854679107666,447.8794988244772,0.95,-0.95
DSP_PI,3,2,3.134550094604492,417.94003918766975,0.95,-0.95
DSP_PI,3,3,4.0999016761779785,409.9902231246233,0.95,-0.95
DSP_PI,3,4,0.0,0.0,0.0,0.0
DSP_PI,3,5,0.0,0.0,0.0,0.0
DSP_IIR_2P2Z,4,0,0.0,0.0,0.0,0.0,0.0,0.0,0.0,0.0
DSP_IIR_2P2Z,4,1,0.0,0.0,0.0,0.0,0.0,0.0,0.0,0.0
DSP_IIR_2P2Z,4,2,0.0,0.0,0.0,0.0,0.0,0.0,0.0,0.0
DSP_IIR_2P2Z,4,3,0.0,0.0,0.0,0.0,0.0,0.0,0.0,0.0
DSP_IIR_2P2Z,4,4,0.0,0.0,0.0,0.0,0.0,0.0,0.0,0.0
DSP_IIR_2P2Z,4,5,0.0,0.0,0.0,0.0,0.0,0.0,0.0,0.0
DSP_IIR_2P2Z,4,6,0.0,0.0,0.0,0.0,0.0,0.0,0.0,0.0
DSP_IIR_2P2Z,4,7,0.0,0.0,0.0,0.0,0.0,0.0,0.0,0.0
DSP_IIR_3P3Z,5,0,0.0,0.0,0.0,0.0,0.0,0.0,0.0,0.0,0.0,0.0,0.0,0.0,0.0,0.0,0.0,0.0
DSP_IIR_3P3Z,5,1,0.0,0.0,0.0,0.0,0.0,0.0,0.0,0.0,0.0,0.0,0.0,0.0,0.0,0.0,0.0,0.0
DSP_IIR_3P3Z,5,2,0.0,0.0,0.0,0.0,0.0,0.0,0.0,0.0,0.0,0.0,0.0,0.0,0.0,0.0,0.0,0.0
DSP_IIR_3P3Z,5,3,0.0,0.0,0.0,0.0,0.0,0.0,0.0,0.0,0.0,0.0,0.0,0.0,0.0,0.0,0.0,0.0
DSP_VdcLink_FeedForward,6,0,0.0,0.0
DSP_VdcLink_FeedForward,6,1,0.0,0.0
