DSP_SRLim,1,0,0.0
DSP_SRLim,1,1,0.0
DSP_SRLim,1,2,0.0
DSP_SRLim,1,3,0.0
DSP_LPF,2,0,0.0
DSP_LPF,2,1,0.0
DSP_LPF,2,2,0.0
DSP_LPF,2,3,0.0
DSP_PI,3,0,3.2791130001329054,364.34588890365615,0.95,-0.95
DSP_PI,3,1,4.563243663136517,365.05949305092133,0.95,-0.95
DSP_PI,3,2,2.504930416278415,278.3256018087128,0.95,-0.95
DSP_PI,3,3,0.0,0.0,0.0,0.0
DSP_PI,3,4,0.0,0.0,0.0,0.0
DSP_PI,3,5,0.0,0.0,0.0,0.0
DSP_IIR_2P2Z,4,0,0.0,0.0,0.0,0.0,0.0,0.0,0.0,0.0
DSP_IIR_2P2Z,4,1,0.0,0.0,0.0,0.0,0.0,0.0,0.0,0.0
DSP_IIR_2P2Z,4,2,0.0,0.0,0.0,0.0,0.0,0.0,0.0,0.0
DSP_IIR_2P2Z,4,3,0.0,0.0,0.0,0.0,0.0,0.0,0.0,0.0
DSP_IIR_2P2Z,4,4,0.0,0.0,0.0,0.0,0.0,0.0,0.0,0.0
DSP_IIR_2P2Z,4,5,0.0,0.0,0.0,0.0,0.0,0.0,0.0,0.0
DSP_IIR_2P2Z,4,6,0.0,0.0,0.0,0.0,0.0,0.0,0.0,0.0
DSP_IIR_2P2Z,4,7,0.0,0.0,0.0,0.0,0.0,0.0,0.0,0.0
DSP_IIR_3P3Z,5,0,0.0,0.0,0.0,0.0,0.0,0.0,0.0,0.0,0.0,0.0,0.0,0.0,0.0,0.0,0.0,0.0
DSP_IIR_3P3Z,5,1,0.0,0.0,0.0,0.0,0.0,0.0,0.0,0.0,0.0,0.0,0.0,0.0,0.0,0.0,0.0,0.0
DSP_IIR_3P3Z,5,2,0.0,0.0,0.0,0.0,0.0,0.0,0.0,0.0,0.0,0.0,0.0,0.0,0.0,0.0,0.0,0.0
DSP_IIR_3P3Z,5,3,0.0,0.0,0.0,0.0,0.0,0.0,0.0,0.0,0.0,0.0,0.0,0.0,0.0,0.0,0.0,0.0
DSP_VdcLink_FeedForward,6,0,0.0,0.0
DSP_VdcLink_FeedForward,6,1,0.0,0.0
