DSP_SRLim,1,0,0.0
DSP_SRLim,1,1,0.0
DSP_SRLim,1,2,0.0
DSP_SRLim,1,3,0.0
DSP_LPF,2,0,0.0
DSP_LPF,2,1,0.0
DSP_LPF,2,2,0.0
DSP_LPF,2,3,0.0
DSP_PI,3,0,0.23725365102291107,15.816916129551828,0.95,-0.95
DSP_PI,3,1,0.23534555733203888,15.68970619700849,0.95,-0.95
DSP_PI,3,2,0.22613175213336945,14.589150669053197,0.95,-0.95
DSP_PI,3,3,0.23131190240383148,14.457000361289829,0.95,-0.95
DSP_PI,3,4,0.0,0.0,0.0,0.0
DSP_PI,3,5,0.0,0.0,0.0,0.0
DSP_IIR_2P2Z,4,0,0.0,0.0,0.0,0.0,0.0,0.0,0.0,0.0
DSP_IIR_2P2Z,4,1,0.0,0.0,0.0,0.0,0.0,0.0,0.0,0.0
DSP_IIR_2P2Z,4,2,0.0,0.0,0.0,0.0,0.0,0.0,0.0,0.0
DSP_IIR_2P2Z,4,3,0.0,0.0,0.0,0.0,0.0,0.0,0.0,0.0
DSP_IIR_2P2Z,4,4,0.0,0.0,0.0,0.0,0.0,0.0,0.0,0.0
DSP_IIR_2P2Z,4,5,0.0,0.0,0.0,0.0,0.0,0.0,0.0,0.0
DSP_IIR_2P2Z,4,6,0.0,0.0,0.0,0.0,0.0,0.0,0.0,0.0
DSP_IIR_2P2Z,4,7,0.0,0.0,0.0,0.0,0.0,0.0,0.0,0.0
DSP_IIR_3P3Z,5,0,0.0,0.0,0.0,0.0,0.0,0.0,0.0,0.0,0.0,0.0,0.0,0.0,0.0,0.0,0.0,0.0
DSP_IIR_3P3Z,5,1,0.0,0.0,0.0,0.0,0.0,0.0,0.0,0.0,0.0,0.0,0.0,0.0,0.0,0.0,0.0,0.0
DSP_IIR_3P3Z,5,2,0.0,0.0,0.0,0.0,0.0,0.0,0.0,0.0,0.0,0.0,0.0,0.0,0.0,0.0,0.0,0.0
DSP_IIR_3P3Z,5,3,0.0,0.0,0.0,0.0,0.0,0.0,0.0,0.0,0.0,0.0,0.0,0.0,0.0,0.0,0.0,0.0
DSP_VdcLink_FeedForward,6,0,0.0,0.0
DSP_VdcLink_FeedForward,6,1,0.0,0.0
